Feature,Importance
Inflasi (%)_lag1,0.9382524898190294
log_oil_lag1,0.04643672457062926
BI Rate (%)_lag1,0.015310785610341424
