Model,RMSE,MAE,MAPE
Random Forest,0.006506117229817426,0.0047395292937755075,96.12159969114826
VAR,0.00820855277174772,0.006020278911851941,108.50467228746675
VECM,0.013361499014908488,0.009909142954123283,95.37640657700916
