Model,RMSE,MAE,MAPE
VAR,0.00820855277174772,0.006020278911851941,108.50467228746675
Random Forest,0.01215152153720837,0.009498168626290009,181.53713233406438
VECM,0.013361499014908488,0.009909142954123283,95.37640657700916
