,Inflasi (%),BI Rate (%),log_oil
Inflasi (%),1.0,0.11503885427801035,0.1818278250909431
BI Rate (%),0.11503885427801035,1.0,0.12573433197844175
log_oil,0.1818278250909431,0.12573433197844175,1.0
