,count,mean,std,min,25%,50%,75%,max
Inflasi (%),117.0,0.028961538461538462,0.011222805031949272,-0.0009,0.0206,0.0292,0.0348,0.0595
BI Rate (%),117.0,0.04910256410256412,0.0090106590284685,0.035,0.0425,0.0475,0.0575,0.0625
log_oil,117.0,4.214072691557823,0.288388631475996,2.911263116927541,4.08446256236765,4.261129379866926,4.393461012299545,4.809823847988456
